title,company,location,link
Javascript Developer (Vue.js / Node.js),Lucky Orange LLC,"Overland Park, KS",https://stackoverflow.com/jobs?id=374387
Laravel and Vue.js Developer,MailerLite,"Vilnius, Lithuania",https://stackoverflow.com/jobs?id=447895
Frontend/VueJs Software Engineer,BRG - The GAT Team,No office location,https://stackoverflow.com/jobs?id=441378
Senior Full-Stack Engineer (Vue/Node),Wisely,No office location,https://stackoverflow.com/jobs?id=405895
Full Stack Software Engineer (Vue.js & Django) (m/f/d),Limehome GmbH,"München, Germany",https://stackoverflow.com/jobs?id=238532
Senior software engineer Vue.js,Harlem Next,"Haarlem, Netherlands",https://stackoverflow.com/jobs?id=427253
Webdeveloper for Backend (NodeJS) and Frontend (Vue) (m/f),RINGANA GmbH,"Wien, Österreich",https://stackoverflow.com/jobs?id=421723
Vue Developer,The Motley Fool Inc,No office location,https://stackoverflow.com/jobs?id=457945
Senior Software Engineer (Vue.js) (m/f/d),MEDWING GmbH,"Berlin, Germany",https://stackoverflow.com/jobs?id=456540
Senior Frontend Engineer (Vue.js),Financial Technology Partners,"San Francisco, CA",https://stackoverflow.com/jobs?id=446919
Vue.js Developer,BairesDev LLC,"San Francisco, CA",https://stackoverflow.com/jobs?id=448323
"Senior Software Engineer - Go, Vue.js, Machine Learning",Ezoic,"Carlsbad, CA",https://stackoverflow.com/jobs?id=427866
Senior Front-end Developer (Vue.js) - Remote,Insider,No office location,https://stackoverflow.com/jobs?id=456300
Senior Frontend Engineer (Vue.js),Mimacom,"Madrid, Spain",https://stackoverflow.com/jobs?id=451866
Frontend Javascript SPA Developer Vue.js (m/f/d),ThinxNet GmbH,"München, Deutschland",https://stackoverflow.com/jobs?id=415209
"Full Stack Engineer - Junior to Senior - Vue.js, Go",Ezoic,"Carlsbad, CA",https://stackoverflow.com/jobs?id=427867
Lead Vue.js / PHP developer,HUBX,No office location,https://stackoverflow.com/jobs?id=397027
Senior VueJS FE Developer,Cycloid,No office location,https://stackoverflow.com/jobs?id=457236
Full stack ASP.NET Core and VueJS Developer,Facility Wizard Software Incorporated d/b/a Wizard Software Solutions,"Chicago, IL",https://stackoverflow.com/jobs?id=456315
"Senior Fullstack Developer (Node, Typescript, Vue - UK only)",Primary Bid Ltd,No office location,https://stackoverflow.com/jobs?id=456234
Frontend Developer (Vue.js) (m/w/d),Peek & Cloppenburg KG Düsseldorf,"Düsseldorf, Deutschland",https://stackoverflow.com/jobs?id=447396
Principal Front-End Engineer - Team Lead (Vue.js),Corsearch,"Amsterdam, Netherlands",https://stackoverflow.com/jobs?id=412440
Senior VueJS FE Developer,Cycloid,No office location,https://stackoverflow.com/jobs?id=457235
Mid Senior VueJS Frontend dev (remote friendly),Cycloid,"Paris, France",https://stackoverflow.com/jobs?id=457234
Frontend Developer - Vue.js (m/f/x),refurbed,No office location,https://stackoverflow.com/jobs?id=424273
Senior Frontend Engineer (Vue.js),Financial Technology Partners,"San Francisco, CA",https://stackoverflow.com/jobs?id=446919
Laravel and Vue.js Developer,MailerLite,"Vilnius, Lithuania",https://stackoverflow.com/jobs?id=447895
Frontend/VueJs Software Engineer,BRG - The GAT Team,No office location,https://stackoverflow.com/jobs?id=441378
Senior Full-Stack Engineer (Vue/Node),Wisely,No office location,https://stackoverflow.com/jobs?id=405895
Full Stack Software Engineer (Vue.js & Django) (m/f/d),Limehome GmbH,"München, Germany",https://stackoverflow.com/jobs?id=238532
Senior software engineer Vue.js,Harlem Next,"Haarlem, Netherlands",https://stackoverflow.com/jobs?id=427253
Webdeveloper for Backend (NodeJS) and Frontend (Vue) (m/f),RINGANA GmbH,"Wien, Österreich",https://stackoverflow.com/jobs?id=421723
Vue Developer,The Motley Fool Inc,No office location,https://stackoverflow.com/jobs?id=457945
Senior Software Engineer (Vue.js) (m/f/d),MEDWING GmbH,"Berlin, Germany",https://stackoverflow.com/jobs?id=456540
Vue.js Developer,BairesDev LLC,"San Francisco, CA",https://stackoverflow.com/jobs?id=448323
"Senior Software Engineer - Go, Vue.js, Machine Learning",Ezoic,"Carlsbad, CA",https://stackoverflow.com/jobs?id=427866
Senior Front-end Developer (Vue.js) - Remote,Insider,No office location,https://stackoverflow.com/jobs?id=456300
Senior Frontend Engineer (Vue.js),Mimacom,"Madrid, Spain",https://stackoverflow.com/jobs?id=451866
Frontend Javascript SPA Developer Vue.js (m/f/d),ThinxNet GmbH,"München, Deutschland",https://stackoverflow.com/jobs?id=415209
Javascript Developer (Vue.js / Node.js),Lucky Orange LLC,"Overland Park, KS",https://stackoverflow.com/jobs?id=374387
"Full Stack Engineer - Junior to Senior - Vue.js, Go",Ezoic,"Carlsbad, CA",https://stackoverflow.com/jobs?id=427867
Lead Vue.js / PHP developer,HUBX,No office location,https://stackoverflow.com/jobs?id=397027
Senior VueJS FE Developer,Cycloid,No office location,https://stackoverflow.com/jobs?id=457236
Full stack ASP.NET Core and VueJS Developer,Facility Wizard Software Incorporated d/b/a Wizard Software Solutions,"Chicago, IL",https://stackoverflow.com/jobs?id=456315
"Senior Fullstack Developer (Node, Typescript, Vue - UK only)",Primary Bid Ltd,No office location,https://stackoverflow.com/jobs?id=456234
Frontend Developer (Vue.js) (m/w/d),Peek & Cloppenburg KG Düsseldorf,"Düsseldorf, Deutschland",https://stackoverflow.com/jobs?id=447396
Senior VueJS FE Developer,Cycloid,No office location,https://stackoverflow.com/jobs?id=457235
Principal Front-End Engineer - Team Lead (Vue.js),Corsearch,"Amsterdam, Netherlands",https://stackoverflow.com/jobs?id=412440
Mid Senior VueJS Frontend dev (remote friendly),Cycloid,"Paris, France",https://stackoverflow.com/jobs?id=457234
Frontend Developer - Vue.js (m/f/x),refurbed,No office location,https://stackoverflow.com/jobs?id=424273
Javascript Developer (Vue.js / Node.js),Lucky Orange LLC,"Overland Park, KS",https://stackoverflow.com/jobs?id=374387
Laravel and Vue.js Developer,MailerLite,"Vilnius, Lithuania",https://stackoverflow.com/jobs?id=447895
Frontend/VueJs Software Engineer,BRG - The GAT Team,No office location,https://stackoverflow.com/jobs?id=441378
Senior Full-Stack Engineer (Vue/Node),Wisely,No office location,https://stackoverflow.com/jobs?id=405895
Full Stack Software Engineer (Vue.js & Django) (m/f/d),Limehome GmbH,"München, Germany",https://stackoverflow.com/jobs?id=238532
Senior software engineer Vue.js,Harlem Next,"Haarlem, Netherlands",https://stackoverflow.com/jobs?id=427253
Webdeveloper for Backend (NodeJS) and Frontend (Vue) (m/f),RINGANA GmbH,"Wien, Österreich",https://stackoverflow.com/jobs?id=421723
Vue Developer,The Motley Fool Inc,No office location,https://stackoverflow.com/jobs?id=457945
Senior Software Engineer (Vue.js) (m/f/d),MEDWING GmbH,"Berlin, Germany",https://stackoverflow.com/jobs?id=456540
Senior Frontend Engineer (Vue.js),Financial Technology Partners,"San Francisco, CA",https://stackoverflow.com/jobs?id=446919
Vue.js Developer,BairesDev LLC,"San Francisco, CA",https://stackoverflow.com/jobs?id=448323
"Senior Software Engineer - Go, Vue.js, Machine Learning",Ezoic,"Carlsbad, CA",https://stackoverflow.com/jobs?id=427866
Senior Front-end Developer (Vue.js) - Remote,Insider,No office location,https://stackoverflow.com/jobs?id=456300
Senior Frontend Engineer (Vue.js),Mimacom,"Madrid, Spain",https://stackoverflow.com/jobs?id=451866
Frontend Javascript SPA Developer Vue.js (m/f/d),ThinxNet GmbH,"München, Deutschland",https://stackoverflow.com/jobs?id=415209
"Full Stack Engineer - Junior to Senior - Vue.js, Go",Ezoic,"Carlsbad, CA",https://stackoverflow.com/jobs?id=427867
Lead Vue.js / PHP developer,HUBX,No office location,https://stackoverflow.com/jobs?id=397027
Senior VueJS FE Developer,Cycloid,No office location,https://stackoverflow.com/jobs?id=457236
Full stack ASP.NET Core and VueJS Developer,Facility Wizard Software Incorporated d/b/a Wizard Software Solutions,"Chicago, IL",https://stackoverflow.com/jobs?id=456315
"Senior Fullstack Developer (Node, Typescript, Vue - UK only)",Primary Bid Ltd,No office location,https://stackoverflow.com/jobs?id=456234
Frontend Developer (Vue.js) (m/w/d),Peek & Cloppenburg KG Düsseldorf,"Düsseldorf, Deutschland",https://stackoverflow.com/jobs?id=447396
Principal Front-End Engineer - Team Lead (Vue.js),Corsearch,"Amsterdam, Netherlands",https://stackoverflow.com/jobs?id=412440
Senior VueJS FE Developer,Cycloid,No office location,https://stackoverflow.com/jobs?id=457235
Mid Senior VueJS Frontend dev (remote friendly),Cycloid,"Paris, France",https://stackoverflow.com/jobs?id=457234
Frontend Developer - Vue.js (m/f/x),refurbed,No office location,https://stackoverflow.com/jobs?id=424273
Senior Frontend Engineer (Vue.js),Financial Technology Partners,"San Francisco, CA",https://stackoverflow.com/jobs?id=446919
Laravel and Vue.js Developer,MailerLite,"Vilnius, Lithuania",https://stackoverflow.com/jobs?id=447895
Frontend/VueJs Software Engineer,BRG - The GAT Team,No office location,https://stackoverflow.com/jobs?id=441378
Senior Full-Stack Engineer (Vue/Node),Wisely,No office location,https://stackoverflow.com/jobs?id=405895
Full Stack Software Engineer (Vue.js & Django) (m/f/d),Limehome GmbH,"München, Germany",https://stackoverflow.com/jobs?id=238532
Senior software engineer Vue.js,Harlem Next,"Haarlem, Netherlands",https://stackoverflow.com/jobs?id=427253
Webdeveloper for Backend (NodeJS) and Frontend (Vue) (m/f),RINGANA GmbH,"Wien, Österreich",https://stackoverflow.com/jobs?id=421723
Vue Developer,The Motley Fool Inc,No office location,https://stackoverflow.com/jobs?id=457945
Senior Software Engineer (Vue.js) (m/f/d),MEDWING GmbH,"Berlin, Germany",https://stackoverflow.com/jobs?id=456540
Vue.js Developer,BairesDev LLC,"San Francisco, CA",https://stackoverflow.com/jobs?id=448323
"Senior Software Engineer - Go, Vue.js, Machine Learning",Ezoic,"Carlsbad, CA",https://stackoverflow.com/jobs?id=427866
Senior Front-end Developer (Vue.js) - Remote,Insider,No office location,https://stackoverflow.com/jobs?id=456300
Senior Frontend Engineer (Vue.js),Mimacom,"Madrid, Spain",https://stackoverflow.com/jobs?id=451866
Frontend Javascript SPA Developer Vue.js (m/f/d),ThinxNet GmbH,"München, Deutschland",https://stackoverflow.com/jobs?id=415209
Javascript Developer (Vue.js / Node.js),Lucky Orange LLC,"Overland Park, KS",https://stackoverflow.com/jobs?id=374387
"Full Stack Engineer - Junior to Senior - Vue.js, Go",Ezoic,"Carlsbad, CA",https://stackoverflow.com/jobs?id=427867
Lead Vue.js / PHP developer,HUBX,No office location,https://stackoverflow.com/jobs?id=397027
Senior VueJS FE Developer,Cycloid,No office location,https://stackoverflow.com/jobs?id=457236
Full stack ASP.NET Core and VueJS Developer,Facility Wizard Software Incorporated d/b/a Wizard Software Solutions,"Chicago, IL",https://stackoverflow.com/jobs?id=456315
"Senior Fullstack Developer (Node, Typescript, Vue - UK only)",Primary Bid Ltd,No office location,https://stackoverflow.com/jobs?id=456234
Frontend Developer (Vue.js) (m/w/d),Peek & Cloppenburg KG Düsseldorf,"Düsseldorf, Deutschland",https://stackoverflow.com/jobs?id=447396
Senior VueJS FE Developer,Cycloid,No office location,https://stackoverflow.com/jobs?id=457235
Principal Front-End Engineer - Team Lead (Vue.js),Corsearch,"Amsterdam, Netherlands",https://stackoverflow.com/jobs?id=412440
Mid Senior VueJS Frontend dev (remote friendly),Cycloid,"Paris, France",https://stackoverflow.com/jobs?id=457234
Frontend Developer - Vue.js (m/f/x),refurbed,No office location,https://stackoverflow.com/jobs?id=424273
Senior Frontend Engineer (Vue.js),Financial Technology Partners,"San Francisco, CA",https://stackoverflow.com/jobs?id=446919
Laravel and Vue.js Developer,MailerLite,"Vilnius, Lithuania",https://stackoverflow.com/jobs?id=447895
Frontend/VueJs Software Engineer,BRG - The GAT Team,No office location,https://stackoverflow.com/jobs?id=441378
Senior Full-Stack Engineer (Vue/Node),Wisely,No office location,https://stackoverflow.com/jobs?id=405895
Full Stack Software Engineer (Vue.js & Django) (m/f/d),Limehome GmbH,"München, Germany",https://stackoverflow.com/jobs?id=238532
Senior software engineer Vue.js,Harlem Next,"Haarlem, Netherlands",https://stackoverflow.com/jobs?id=427253
Webdeveloper for Backend (NodeJS) and Frontend (Vue) (m/f),RINGANA GmbH,"Wien, Österreich",https://stackoverflow.com/jobs?id=421723
Vue Developer,The Motley Fool Inc,No office location,https://stackoverflow.com/jobs?id=457945
Senior Software Engineer (Vue.js) (m/f/d),MEDWING GmbH,"Berlin, Germany",https://stackoverflow.com/jobs?id=456540
Vue.js Developer,BairesDev LLC,"San Francisco, CA",https://stackoverflow.com/jobs?id=448323
"Senior Software Engineer - Go, Vue.js, Machine Learning",Ezoic,"Carlsbad, CA",https://stackoverflow.com/jobs?id=427866
Senior Front-end Developer (Vue.js) - Remote,Insider,No office location,https://stackoverflow.com/jobs?id=456300
Senior Frontend Engineer (Vue.js),Mimacom,"Madrid, Spain",https://stackoverflow.com/jobs?id=451866
Frontend Javascript SPA Developer Vue.js (m/f/d),ThinxNet GmbH,"München, Deutschland",https://stackoverflow.com/jobs?id=415209
Javascript Developer (Vue.js / Node.js),Lucky Orange LLC,"Overland Park, KS",https://stackoverflow.com/jobs?id=374387
"Full Stack Engineer - Junior to Senior - Vue.js, Go",Ezoic,"Carlsbad, CA",https://stackoverflow.com/jobs?id=427867
Lead Vue.js / PHP developer,HUBX,No office location,https://stackoverflow.com/jobs?id=397027
Senior VueJS FE Developer,Cycloid,No office location,https://stackoverflow.com/jobs?id=457236
Full stack ASP.NET Core and VueJS Developer,Facility Wizard Software Incorporated d/b/a Wizard Software Solutions,"Chicago, IL",https://stackoverflow.com/jobs?id=456315
"Senior Fullstack Developer (Node, Typescript, Vue - UK only)",Primary Bid Ltd,No office location,https://stackoverflow.com/jobs?id=456234
Frontend Developer (Vue.js) (m/w/d),Peek & Cloppenburg KG Düsseldorf,"Düsseldorf, Deutschland",https://stackoverflow.com/jobs?id=447396
Senior VueJS FE Developer,Cycloid,No office location,https://stackoverflow.com/jobs?id=457235
Principal Front-End Engineer - Team Lead (Vue.js),Corsearch,"Amsterdam, Netherlands",https://stackoverflow.com/jobs?id=412440
Mid Senior VueJS Frontend dev (remote friendly),Cycloid,"Paris, France",https://stackoverflow.com/jobs?id=457234
Frontend Developer - Vue.js (m/f/x),refurbed,No office location,https://stackoverflow.com/jobs?id=424273
Senior Frontend Engineer (Vue.js),Financial Technology Partners,"San Francisco, CA",https://stackoverflow.com/jobs?id=446919
Laravel and Vue.js Developer,MailerLite,"Vilnius, Lithuania",https://stackoverflow.com/jobs?id=447895
Frontend/VueJs Software Engineer,BRG - The GAT Team,No office location,https://stackoverflow.com/jobs?id=441378
Senior Full-Stack Engineer (Vue/Node),Wisely,No office location,https://stackoverflow.com/jobs?id=405895
Full Stack Software Engineer (Vue.js & Django) (m/f/d),Limehome GmbH,"München, Germany",https://stackoverflow.com/jobs?id=238532
Senior software engineer Vue.js,Harlem Next,"Haarlem, Netherlands",https://stackoverflow.com/jobs?id=427253
Webdeveloper for Backend (NodeJS) and Frontend (Vue) (m/f),RINGANA GmbH,"Wien, Österreich",https://stackoverflow.com/jobs?id=421723
Vue Developer,The Motley Fool Inc,No office location,https://stackoverflow.com/jobs?id=457945
Senior Software Engineer (Vue.js) (m/f/d),MEDWING GmbH,"Berlin, Germany",https://stackoverflow.com/jobs?id=456540
Vue.js Developer,BairesDev LLC,"San Francisco, CA",https://stackoverflow.com/jobs?id=448323
"Senior Software Engineer - Go, Vue.js, Machine Learning",Ezoic,"Carlsbad, CA",https://stackoverflow.com/jobs?id=427866
Senior Front-end Developer (Vue.js) - Remote,Insider,No office location,https://stackoverflow.com/jobs?id=456300
Senior Frontend Engineer (Vue.js),Mimacom,"Madrid, Spain",https://stackoverflow.com/jobs?id=451866
Frontend Javascript SPA Developer Vue.js (m/f/d),ThinxNet GmbH,"München, Deutschland",https://stackoverflow.com/jobs?id=415209
Javascript Developer (Vue.js / Node.js),Lucky Orange LLC,"Overland Park, KS",https://stackoverflow.com/jobs?id=374387
"Full Stack Engineer - Junior to Senior - Vue.js, Go",Ezoic,"Carlsbad, CA",https://stackoverflow.com/jobs?id=427867
Lead Vue.js / PHP developer,HUBX,No office location,https://stackoverflow.com/jobs?id=397027
Senior VueJS FE Developer,Cycloid,No office location,https://stackoverflow.com/jobs?id=457236
Full stack ASP.NET Core and VueJS Developer,Facility Wizard Software Incorporated d/b/a Wizard Software Solutions,"Chicago, IL",https://stackoverflow.com/jobs?id=456315
"Senior Fullstack Developer (Node, Typescript, Vue - UK only)",Primary Bid Ltd,No office location,https://stackoverflow.com/jobs?id=456234
Frontend Developer (Vue.js) (m/w/d),Peek & Cloppenburg KG Düsseldorf,"Düsseldorf, Deutschland",https://stackoverflow.com/jobs?id=447396
Senior VueJS FE Developer,Cycloid,No office location,https://stackoverflow.com/jobs?id=457235
Principal Front-End Engineer - Team Lead (Vue.js),Corsearch,"Amsterdam, Netherlands",https://stackoverflow.com/jobs?id=412440
Mid Senior VueJS Frontend dev (remote friendly),Cycloid,"Paris, France",https://stackoverflow.com/jobs?id=457234
Frontend Developer - Vue.js (m/f/x),refurbed,No office location,https://stackoverflow.com/jobs?id=424273
Javascript Developer (Vue.js / Node.js),Lucky Orange LLC,"Overland Park, KS",https://stackoverflow.com/jobs?id=374387
Laravel and Vue.js Developer,MailerLite,"Vilnius, Lithuania",https://stackoverflow.com/jobs?id=447895
Frontend/VueJs Software Engineer,BRG - The GAT Team,No office location,https://stackoverflow.com/jobs?id=441378
Senior Full-Stack Engineer (Vue/Node),Wisely,No office location,https://stackoverflow.com/jobs?id=405895
Full Stack Software Engineer (Vue.js & Django) (m/f/d),Limehome GmbH,"München, Germany",https://stackoverflow.com/jobs?id=238532
Senior software engineer Vue.js,Harlem Next,"Haarlem, Netherlands",https://stackoverflow.com/jobs?id=427253
Webdeveloper for Backend (NodeJS) and Frontend (Vue) (m/f),RINGANA GmbH,"Wien, Österreich",https://stackoverflow.com/jobs?id=421723
Vue Developer,The Motley Fool Inc,No office location,https://stackoverflow.com/jobs?id=457945
Senior Software Engineer (Vue.js) (m/f/d),MEDWING GmbH,"Berlin, Germany",https://stackoverflow.com/jobs?id=456540
Senior Frontend Engineer (Vue.js),Financial Technology Partners,"San Francisco, CA",https://stackoverflow.com/jobs?id=446919
Vue.js Developer,BairesDev LLC,"San Francisco, CA",https://stackoverflow.com/jobs?id=448323
"Senior Software Engineer - Go, Vue.js, Machine Learning",Ezoic,"Carlsbad, CA",https://stackoverflow.com/jobs?id=427866
Senior Front-end Developer (Vue.js) - Remote,Insider,No office location,https://stackoverflow.com/jobs?id=456300
Senior Frontend Engineer (Vue.js),Mimacom,"Madrid, Spain",https://stackoverflow.com/jobs?id=451866
Frontend Javascript SPA Developer Vue.js (m/f/d),ThinxNet GmbH,"München, Deutschland",https://stackoverflow.com/jobs?id=415209
"Full Stack Engineer - Junior to Senior - Vue.js, Go",Ezoic,"Carlsbad, CA",https://stackoverflow.com/jobs?id=427867
Lead Vue.js / PHP developer,HUBX,No office location,https://stackoverflow.com/jobs?id=397027
Senior VueJS FE Developer,Cycloid,No office location,https://stackoverflow.com/jobs?id=457236
Full stack ASP.NET Core and VueJS Developer,Facility Wizard Software Incorporated d/b/a Wizard Software Solutions,"Chicago, IL",https://stackoverflow.com/jobs?id=456315
"Senior Fullstack Developer (Node, Typescript, Vue - UK only)",Primary Bid Ltd,No office location,https://stackoverflow.com/jobs?id=456234
Frontend Developer (Vue.js) (m/w/d),Peek & Cloppenburg KG Düsseldorf,"Düsseldorf, Deutschland",https://stackoverflow.com/jobs?id=447396
Principal Front-End Engineer - Team Lead (Vue.js),Corsearch,"Amsterdam, Netherlands",https://stackoverflow.com/jobs?id=412440
Senior VueJS FE Developer,Cycloid,No office location,https://stackoverflow.com/jobs?id=457235
Mid Senior VueJS Frontend dev (remote friendly),Cycloid,"Paris, France",https://stackoverflow.com/jobs?id=457234
Frontend Developer - Vue.js (m/f/x),refurbed,No office location,https://stackoverflow.com/jobs?id=424273
Javascript Developer (Vue.js / Node.js),Lucky Orange LLC,"Overland Park, KS",https://stackoverflow.com/jobs?id=374387
Laravel and Vue.js Developer,MailerLite,"Vilnius, Lithuania",https://stackoverflow.com/jobs?id=447895
Frontend/VueJs Software Engineer,BRG - The GAT Team,No office location,https://stackoverflow.com/jobs?id=441378
Senior Full-Stack Engineer (Vue/Node),Wisely,No office location,https://stackoverflow.com/jobs?id=405895
Full Stack Software Engineer (Vue.js & Django) (m/f/d),Limehome GmbH,"München, Germany",https://stackoverflow.com/jobs?id=238532
Senior software engineer Vue.js,Harlem Next,"Haarlem, Netherlands",https://stackoverflow.com/jobs?id=427253
Webdeveloper for Backend (NodeJS) and Frontend (Vue) (m/f),RINGANA GmbH,"Wien, Österreich",https://stackoverflow.com/jobs?id=421723
Vue Developer,The Motley Fool Inc,No office location,https://stackoverflow.com/jobs?id=457945
Senior Software Engineer (Vue.js) (m/f/d),MEDWING GmbH,"Berlin, Germany",https://stackoverflow.com/jobs?id=456540
Senior Frontend Engineer (Vue.js),Financial Technology Partners,"San Francisco, CA",https://stackoverflow.com/jobs?id=446919
Vue.js Developer,BairesDev LLC,"San Francisco, CA",https://stackoverflow.com/jobs?id=448323
"Senior Software Engineer - Go, Vue.js, Machine Learning",Ezoic,"Carlsbad, CA",https://stackoverflow.com/jobs?id=427866
Senior Front-end Developer (Vue.js) - Remote,Insider,No office location,https://stackoverflow.com/jobs?id=456300
Senior Frontend Engineer (Vue.js),Mimacom,"Madrid, Spain",https://stackoverflow.com/jobs?id=451866
Frontend Javascript SPA Developer Vue.js (m/f/d),ThinxNet GmbH,"München, Deutschland",https://stackoverflow.com/jobs?id=415209
"Full Stack Engineer - Junior to Senior - Vue.js, Go",Ezoic,"Carlsbad, CA",https://stackoverflow.com/jobs?id=427867
Lead Vue.js / PHP developer,HUBX,No office location,https://stackoverflow.com/jobs?id=397027
Senior VueJS FE Developer,Cycloid,No office location,https://stackoverflow.com/jobs?id=457236
Full stack ASP.NET Core and VueJS Developer,Facility Wizard Software Incorporated d/b/a Wizard Software Solutions,"Chicago, IL",https://stackoverflow.com/jobs?id=456315
"Senior Fullstack Developer (Node, Typescript, Vue - UK only)",Primary Bid Ltd,No office location,https://stackoverflow.com/jobs?id=456234
Frontend Developer (Vue.js) (m/w/d),Peek & Cloppenburg KG Düsseldorf,"Düsseldorf, Deutschland",https://stackoverflow.com/jobs?id=447396
Principal Front-End Engineer - Team Lead (Vue.js),Corsearch,"Amsterdam, Netherlands",https://stackoverflow.com/jobs?id=412440
Senior VueJS FE Developer,Cycloid,No office location,https://stackoverflow.com/jobs?id=457235
Mid Senior VueJS Frontend dev (remote friendly),Cycloid,"Paris, France",https://stackoverflow.com/jobs?id=457234
Frontend Developer - Vue.js (m/f/x),refurbed,No office location,https://stackoverflow.com/jobs?id=424273
Senior Frontend Engineer (Vue.js),Financial Technology Partners,"San Francisco, CA",https://stackoverflow.com/jobs?id=446919
Laravel and Vue.js Developer,MailerLite,"Vilnius, Lithuania",https://stackoverflow.com/jobs?id=447895
Frontend/VueJs Software Engineer,BRG - The GAT Team,No office location,https://stackoverflow.com/jobs?id=441378
Senior Full-Stack Engineer (Vue/Node),Wisely,No office location,https://stackoverflow.com/jobs?id=405895
Full Stack Software Engineer (Vue.js & Django) (m/f/d),Limehome GmbH,"München, Germany",https://stackoverflow.com/jobs?id=238532
Senior software engineer Vue.js,Harlem Next,"Haarlem, Netherlands",https://stackoverflow.com/jobs?id=427253
Webdeveloper for Backend (NodeJS) and Frontend (Vue) (m/f),RINGANA GmbH,"Wien, Österreich",https://stackoverflow.com/jobs?id=421723
Vue Developer,The Motley Fool Inc,No office location,https://stackoverflow.com/jobs?id=457945
Senior Software Engineer (Vue.js) (m/f/d),MEDWING GmbH,"Berlin, Germany",https://stackoverflow.com/jobs?id=456540
Vue.js Developer,BairesDev LLC,"San Francisco, CA",https://stackoverflow.com/jobs?id=448323
"Senior Software Engineer - Go, Vue.js, Machine Learning",Ezoic,"Carlsbad, CA",https://stackoverflow.com/jobs?id=427866
Senior Front-end Developer (Vue.js) - Remote,Insider,No office location,https://stackoverflow.com/jobs?id=456300
Senior Frontend Engineer (Vue.js),Mimacom,"Madrid, Spain",https://stackoverflow.com/jobs?id=451866
Frontend Javascript SPA Developer Vue.js (m/f/d),ThinxNet GmbH,"München, Deutschland",https://stackoverflow.com/jobs?id=415209
Javascript Developer (Vue.js / Node.js),Lucky Orange LLC,"Overland Park, KS",https://stackoverflow.com/jobs?id=374387
"Full Stack Engineer - Junior to Senior - Vue.js, Go",Ezoic,"Carlsbad, CA",https://stackoverflow.com/jobs?id=427867
Lead Vue.js / PHP developer,HUBX,No office location,https://stackoverflow.com/jobs?id=397027
Senior VueJS FE Developer,Cycloid,No office location,https://stackoverflow.com/jobs?id=457236
Full stack ASP.NET Core and VueJS Developer,Facility Wizard Software Incorporated d/b/a Wizard Software Solutions,"Chicago, IL",https://stackoverflow.com/jobs?id=456315
"Senior Fullstack Developer (Node, Typescript, Vue - UK only)",Primary Bid Ltd,No office location,https://stackoverflow.com/jobs?id=456234
Frontend Developer (Vue.js) (m/w/d),Peek & Cloppenburg KG Düsseldorf,"Düsseldorf, Deutschland",https://stackoverflow.com/jobs?id=447396
Senior VueJS FE Developer,Cycloid,No office location,https://stackoverflow.com/jobs?id=457235
Principal Front-End Engineer - Team Lead (Vue.js),Corsearch,"Amsterdam, Netherlands",https://stackoverflow.com/jobs?id=412440
Mid Senior VueJS Frontend dev (remote friendly),Cycloid,"Paris, France",https://stackoverflow.com/jobs?id=457234
Frontend Developer - Vue.js (m/f/x),refurbed,No office location,https://stackoverflow.com/jobs?id=424273
Javascript Developer (Vue.js / Node.js),Lucky Orange LLC,"Overland Park, KS",https://stackoverflow.com/jobs?id=374387
Laravel and Vue.js Developer,MailerLite,"Vilnius, Lithuania",https://stackoverflow.com/jobs?id=447895
Frontend/VueJs Software Engineer,BRG - The GAT Team,No office location,https://stackoverflow.com/jobs?id=441378
Senior Full-Stack Engineer (Vue/Node),Wisely,No office location,https://stackoverflow.com/jobs?id=405895
Full Stack Software Engineer (Vue.js & Django) (m/f/d),Limehome GmbH,"München, Germany",https://stackoverflow.com/jobs?id=238532
Senior software engineer Vue.js,Harlem Next,"Haarlem, Netherlands",https://stackoverflow.com/jobs?id=427253
Webdeveloper for Backend (NodeJS) and Frontend (Vue) (m/f),RINGANA GmbH,"Wien, Österreich",https://stackoverflow.com/jobs?id=421723
Vue Developer,The Motley Fool Inc,No office location,https://stackoverflow.com/jobs?id=457945
Senior Software Engineer (Vue.js) (m/f/d),MEDWING GmbH,"Berlin, Germany",https://stackoverflow.com/jobs?id=456540
Senior Frontend Engineer (Vue.js),Financial Technology Partners,"San Francisco, CA",https://stackoverflow.com/jobs?id=446919
Vue.js Developer,BairesDev LLC,"San Francisco, CA",https://stackoverflow.com/jobs?id=448323
"Senior Software Engineer - Go, Vue.js, Machine Learning",Ezoic,"Carlsbad, CA",https://stackoverflow.com/jobs?id=427866
Senior Front-end Developer (Vue.js) - Remote,Insider,No office location,https://stackoverflow.com/jobs?id=456300
Senior Frontend Engineer (Vue.js),Mimacom,"Madrid, Spain",https://stackoverflow.com/jobs?id=451866
Frontend Javascript SPA Developer Vue.js (m/f/d),ThinxNet GmbH,"München, Deutschland",https://stackoverflow.com/jobs?id=415209
"Full Stack Engineer - Junior to Senior - Vue.js, Go",Ezoic,"Carlsbad, CA",https://stackoverflow.com/jobs?id=427867
Lead Vue.js / PHP developer,HUBX,No office location,https://stackoverflow.com/jobs?id=397027
Senior VueJS FE Developer,Cycloid,No office location,https://stackoverflow.com/jobs?id=457236
Full stack ASP.NET Core and VueJS Developer,Facility Wizard Software Incorporated d/b/a Wizard Software Solutions,"Chicago, IL",https://stackoverflow.com/jobs?id=456315
"Senior Fullstack Developer (Node, Typescript, Vue - UK only)",Primary Bid Ltd,No office location,https://stackoverflow.com/jobs?id=456234
Frontend Developer (Vue.js) (m/w/d),Peek & Cloppenburg KG Düsseldorf,"Düsseldorf, Deutschland",https://stackoverflow.com/jobs?id=447396
Principal Front-End Engineer - Team Lead (Vue.js),Corsearch,"Amsterdam, Netherlands",https://stackoverflow.com/jobs?id=412440
Senior VueJS FE Developer,Cycloid,No office location,https://stackoverflow.com/jobs?id=457235
Mid Senior VueJS Frontend dev (remote friendly),Cycloid,"Paris, France",https://stackoverflow.com/jobs?id=457234
Frontend Developer - Vue.js (m/f/x),refurbed,No office location,https://stackoverflow.com/jobs?id=424273
Javascript Developer (Vue.js / Node.js),Lucky Orange LLC,"Overland Park, KS",https://stackoverflow.com/jobs?id=374387
Laravel and Vue.js Developer,MailerLite,"Vilnius, Lithuania",https://stackoverflow.com/jobs?id=447895
Frontend/VueJs Software Engineer,BRG - The GAT Team,No office location,https://stackoverflow.com/jobs?id=441378
Senior Full-Stack Engineer (Vue/Node),Wisely,No office location,https://stackoverflow.com/jobs?id=405895
Full Stack Software Engineer (Vue.js & Django) (m/f/d),Limehome GmbH,"München, Germany",https://stackoverflow.com/jobs?id=238532
Senior software engineer Vue.js,Harlem Next,"Haarlem, Netherlands",https://stackoverflow.com/jobs?id=427253
Webdeveloper for Backend (NodeJS) and Frontend (Vue) (m/f),RINGANA GmbH,"Wien, Österreich",https://stackoverflow.com/jobs?id=421723
Vue Developer,The Motley Fool Inc,No office location,https://stackoverflow.com/jobs?id=457945
Senior Software Engineer (Vue.js) (m/f/d),MEDWING GmbH,"Berlin, Germany",https://stackoverflow.com/jobs?id=456540
Senior Frontend Engineer (Vue.js),Financial Technology Partners,"San Francisco, CA",https://stackoverflow.com/jobs?id=446919
Vue.js Developer,BairesDev LLC,"San Francisco, CA",https://stackoverflow.com/jobs?id=448323
"Senior Software Engineer - Go, Vue.js, Machine Learning",Ezoic,"Carlsbad, CA",https://stackoverflow.com/jobs?id=427866
Senior Front-end Developer (Vue.js) - Remote,Insider,No office location,https://stackoverflow.com/jobs?id=456300
Senior Frontend Engineer (Vue.js),Mimacom,"Madrid, Spain",https://stackoverflow.com/jobs?id=451866
Frontend Javascript SPA Developer Vue.js (m/f/d),ThinxNet GmbH,"München, Deutschland",https://stackoverflow.com/jobs?id=415209
"Full Stack Engineer - Junior to Senior - Vue.js, Go",Ezoic,"Carlsbad, CA",https://stackoverflow.com/jobs?id=427867
Lead Vue.js / PHP developer,HUBX,No office location,https://stackoverflow.com/jobs?id=397027
Senior VueJS FE Developer,Cycloid,No office location,https://stackoverflow.com/jobs?id=457236
Full stack ASP.NET Core and VueJS Developer,Facility Wizard Software Incorporated d/b/a Wizard Software Solutions,"Chicago, IL",https://stackoverflow.com/jobs?id=456315
"Senior Fullstack Developer (Node, Typescript, Vue - UK only)",Primary Bid Ltd,No office location,https://stackoverflow.com/jobs?id=456234
Frontend Developer (Vue.js) (m/w/d),Peek & Cloppenburg KG Düsseldorf,"Düsseldorf, Deutschland",https://stackoverflow.com/jobs?id=447396
Principal Front-End Engineer - Team Lead (Vue.js),Corsearch,"Amsterdam, Netherlands",https://stackoverflow.com/jobs?id=412440
Senior VueJS FE Developer,Cycloid,No office location,https://stackoverflow.com/jobs?id=457235
Mid Senior VueJS Frontend dev (remote friendly),Cycloid,"Paris, France",https://stackoverflow.com/jobs?id=457234
Frontend Developer - Vue.js (m/f/x),refurbed,No office location,https://stackoverflow.com/jobs?id=424273
Senior Frontend Engineer (Vue.js),Financial Technology Partners,"San Francisco, CA",https://stackoverflow.com/jobs?id=446919
Laravel and Vue.js Developer,MailerLite,"Vilnius, Lithuania",https://stackoverflow.com/jobs?id=447895
Frontend/VueJs Software Engineer,BRG - The GAT Team,No office location,https://stackoverflow.com/jobs?id=441378
Senior Full-Stack Engineer (Vue/Node),Wisely,No office location,https://stackoverflow.com/jobs?id=405895
Full Stack Software Engineer (Vue.js & Django) (m/f/d),Limehome GmbH,"München, Germany",https://stackoverflow.com/jobs?id=238532
Senior software engineer Vue.js,Harlem Next,"Haarlem, Netherlands",https://stackoverflow.com/jobs?id=427253
Webdeveloper for Backend (NodeJS) and Frontend (Vue) (m/f),RINGANA GmbH,"Wien, Österreich",https://stackoverflow.com/jobs?id=421723
Vue Developer,The Motley Fool Inc,No office location,https://stackoverflow.com/jobs?id=457945
Senior Software Engineer (Vue.js) (m/f/d),MEDWING GmbH,"Berlin, Germany",https://stackoverflow.com/jobs?id=456540
Vue.js Developer,BairesDev LLC,"San Francisco, CA",https://stackoverflow.com/jobs?id=448323
"Senior Software Engineer - Go, Vue.js, Machine Learning",Ezoic,"Carlsbad, CA",https://stackoverflow.com/jobs?id=427866
Senior Front-end Developer (Vue.js) - Remote,Insider,No office location,https://stackoverflow.com/jobs?id=456300
Senior Frontend Engineer (Vue.js),Mimacom,"Madrid, Spain",https://stackoverflow.com/jobs?id=451866
Frontend Javascript SPA Developer Vue.js (m/f/d),ThinxNet GmbH,"München, Deutschland",https://stackoverflow.com/jobs?id=415209
Javascript Developer (Vue.js / Node.js),Lucky Orange LLC,"Overland Park, KS",https://stackoverflow.com/jobs?id=374387
"Full Stack Engineer - Junior to Senior - Vue.js, Go",Ezoic,"Carlsbad, CA",https://stackoverflow.com/jobs?id=427867
Lead Vue.js / PHP developer,HUBX,No office location,https://stackoverflow.com/jobs?id=397027
Senior VueJS FE Developer,Cycloid,No office location,https://stackoverflow.com/jobs?id=457236
Full stack ASP.NET Core and VueJS Developer,Facility Wizard Software Incorporated d/b/a Wizard Software Solutions,"Chicago, IL",https://stackoverflow.com/jobs?id=456315
"Senior Fullstack Developer (Node, Typescript, Vue - UK only)",Primary Bid Ltd,No office location,https://stackoverflow.com/jobs?id=456234
Frontend Developer (Vue.js) (m/w/d),Peek & Cloppenburg KG Düsseldorf,"Düsseldorf, Deutschland",https://stackoverflow.com/jobs?id=447396
Senior VueJS FE Developer,Cycloid,No office location,https://stackoverflow.com/jobs?id=457235
Principal Front-End Engineer - Team Lead (Vue.js),Corsearch,"Amsterdam, Netherlands",https://stackoverflow.com/jobs?id=412440
Mid Senior VueJS Frontend dev (remote friendly),Cycloid,"Paris, France",https://stackoverflow.com/jobs?id=457234
Frontend Developer - Vue.js (m/f/x),refurbed,No office location,https://stackoverflow.com/jobs?id=424273
Senior Frontend Engineer (Vue.js),Financial Technology Partners,"San Francisco, CA",https://stackoverflow.com/jobs?id=446919
Laravel and Vue.js Developer,MailerLite,"Vilnius, Lithuania",https://stackoverflow.com/jobs?id=447895
Frontend/VueJs Software Engineer,BRG - The GAT Team,No office location,https://stackoverflow.com/jobs?id=441378
Senior Full-Stack Engineer (Vue/Node),Wisely,No office location,https://stackoverflow.com/jobs?id=405895
Full Stack Software Engineer (Vue.js & Django) (m/f/d),Limehome GmbH,"München, Germany",https://stackoverflow.com/jobs?id=238532
Senior software engineer Vue.js,Harlem Next,"Haarlem, Netherlands",https://stackoverflow.com/jobs?id=427253
Webdeveloper for Backend (NodeJS) and Frontend (Vue) (m/f),RINGANA GmbH,"Wien, Österreich",https://stackoverflow.com/jobs?id=421723
Vue Developer,The Motley Fool Inc,No office location,https://stackoverflow.com/jobs?id=457945
Senior Software Engineer (Vue.js) (m/f/d),MEDWING GmbH,"Berlin, Germany",https://stackoverflow.com/jobs?id=456540
Vue.js Developer,BairesDev LLC,"San Francisco, CA",https://stackoverflow.com/jobs?id=448323
"Senior Software Engineer - Go, Vue.js, Machine Learning",Ezoic,"Carlsbad, CA",https://stackoverflow.com/jobs?id=427866
Senior Front-end Developer (Vue.js) - Remote,Insider,No office location,https://stackoverflow.com/jobs?id=456300
Senior Frontend Engineer (Vue.js),Mimacom,"Madrid, Spain",https://stackoverflow.com/jobs?id=451866
Frontend Javascript SPA Developer Vue.js (m/f/d),ThinxNet GmbH,"München, Deutschland",https://stackoverflow.com/jobs?id=415209
Javascript Developer (Vue.js / Node.js),Lucky Orange LLC,"Overland Park, KS",https://stackoverflow.com/jobs?id=374387
"Full Stack Engineer - Junior to Senior - Vue.js, Go",Ezoic,"Carlsbad, CA",https://stackoverflow.com/jobs?id=427867
Lead Vue.js / PHP developer,HUBX,No office location,https://stackoverflow.com/jobs?id=397027
Senior VueJS FE Developer,Cycloid,No office location,https://stackoverflow.com/jobs?id=457236
Full stack ASP.NET Core and VueJS Developer,Facility Wizard Software Incorporated d/b/a Wizard Software Solutions,"Chicago, IL",https://stackoverflow.com/jobs?id=456315
"Senior Fullstack Developer (Node, Typescript, Vue - UK only)",Primary Bid Ltd,No office location,https://stackoverflow.com/jobs?id=456234
Frontend Developer (Vue.js) (m/w/d),Peek & Cloppenburg KG Düsseldorf,"Düsseldorf, Deutschland",https://stackoverflow.com/jobs?id=447396
Senior VueJS FE Developer,Cycloid,No office location,https://stackoverflow.com/jobs?id=457235
Principal Front-End Engineer - Team Lead (Vue.js),Corsearch,"Amsterdam, Netherlands",https://stackoverflow.com/jobs?id=412440
Mid Senior VueJS Frontend dev (remote friendly),Cycloid,"Paris, France",https://stackoverflow.com/jobs?id=457234
Frontend Developer - Vue.js (m/f/x),refurbed,No office location,https://stackoverflow.com/jobs?id=424273
Javascript Developer (Vue.js / Node.js),Lucky Orange LLC,"Overland Park, KS",https://stackoverflow.com/jobs?id=374387
Laravel and Vue.js Developer,MailerLite,"Vilnius, Lithuania",https://stackoverflow.com/jobs?id=447895
Frontend/VueJs Software Engineer,BRG - The GAT Team,No office location,https://stackoverflow.com/jobs?id=441378
Senior Full-Stack Engineer (Vue/Node),Wisely,No office location,https://stackoverflow.com/jobs?id=405895
Full Stack Software Engineer (Vue.js & Django) (m/f/d),Limehome GmbH,"München, Germany",https://stackoverflow.com/jobs?id=238532
Senior software engineer Vue.js,Harlem Next,"Haarlem, Netherlands",https://stackoverflow.com/jobs?id=427253
Webdeveloper for Backend (NodeJS) and Frontend (Vue) (m/f),RINGANA GmbH,"Wien, Österreich",https://stackoverflow.com/jobs?id=421723
Vue Developer,The Motley Fool Inc,No office location,https://stackoverflow.com/jobs?id=457945
Senior Software Engineer (Vue.js) (m/f/d),MEDWING GmbH,"Berlin, Germany",https://stackoverflow.com/jobs?id=456540
Senior Frontend Engineer (Vue.js),Financial Technology Partners,"San Francisco, CA",https://stackoverflow.com/jobs?id=446919
Vue.js Developer,BairesDev LLC,"San Francisco, CA",https://stackoverflow.com/jobs?id=448323
"Senior Software Engineer - Go, Vue.js, Machine Learning",Ezoic,"Carlsbad, CA",https://stackoverflow.com/jobs?id=427866
Senior Front-end Developer (Vue.js) - Remote,Insider,No office location,https://stackoverflow.com/jobs?id=456300
Senior Frontend Engineer (Vue.js),Mimacom,"Madrid, Spain",https://stackoverflow.com/jobs?id=451866
Frontend Javascript SPA Developer Vue.js (m/f/d),ThinxNet GmbH,"München, Deutschland",https://stackoverflow.com/jobs?id=415209
"Full Stack Engineer - Junior to Senior - Vue.js, Go",Ezoic,"Carlsbad, CA",https://stackoverflow.com/jobs?id=427867
Lead Vue.js / PHP developer,HUBX,No office location,https://stackoverflow.com/jobs?id=397027
Senior VueJS FE Developer,Cycloid,No office location,https://stackoverflow.com/jobs?id=457236
Full stack ASP.NET Core and VueJS Developer,Facility Wizard Software Incorporated d/b/a Wizard Software Solutions,"Chicago, IL",https://stackoverflow.com/jobs?id=456315
"Senior Fullstack Developer (Node, Typescript, Vue - UK only)",Primary Bid Ltd,No office location,https://stackoverflow.com/jobs?id=456234
Frontend Developer (Vue.js) (m/w/d),Peek & Cloppenburg KG Düsseldorf,"Düsseldorf, Deutschland",https://stackoverflow.com/jobs?id=447396
Principal Front-End Engineer - Team Lead (Vue.js),Corsearch,"Amsterdam, Netherlands",https://stackoverflow.com/jobs?id=412440
Senior VueJS FE Developer,Cycloid,No office location,https://stackoverflow.com/jobs?id=457235
Mid Senior VueJS Frontend dev (remote friendly),Cycloid,"Paris, France",https://stackoverflow.com/jobs?id=457234
Frontend Developer - Vue.js (m/f/x),refurbed,No office location,https://stackoverflow.com/jobs?id=424273
Javascript Developer (Vue.js / Node.js),Lucky Orange LLC,"Overland Park, KS",https://stackoverflow.com/jobs?id=374387
Laravel and Vue.js Developer,MailerLite,"Vilnius, Lithuania",https://stackoverflow.com/jobs?id=447895
Frontend/VueJs Software Engineer,BRG - The GAT Team,No office location,https://stackoverflow.com/jobs?id=441378
Senior Full-Stack Engineer (Vue/Node),Wisely,No office location,https://stackoverflow.com/jobs?id=405895
Full Stack Software Engineer (Vue.js & Django) (m/f/d),Limehome GmbH,"München, Germany",https://stackoverflow.com/jobs?id=238532
Senior software engineer Vue.js,Harlem Next,"Haarlem, Netherlands",https://stackoverflow.com/jobs?id=427253
Webdeveloper for Backend (NodeJS) and Frontend (Vue) (m/f),RINGANA GmbH,"Wien, Österreich",https://stackoverflow.com/jobs?id=421723
Vue Developer,The Motley Fool Inc,No office location,https://stackoverflow.com/jobs?id=457945
Senior Software Engineer (Vue.js) (m/f/d),MEDWING GmbH,"Berlin, Germany",https://stackoverflow.com/jobs?id=456540
Senior Frontend Engineer (Vue.js),Financial Technology Partners,"San Francisco, CA",https://stackoverflow.com/jobs?id=446919
Vue.js Developer,BairesDev LLC,"San Francisco, CA",https://stackoverflow.com/jobs?id=448323
"Senior Software Engineer - Go, Vue.js, Machine Learning",Ezoic,"Carlsbad, CA",https://stackoverflow.com/jobs?id=427866
Senior Front-end Developer (Vue.js) - Remote,Insider,No office location,https://stackoverflow.com/jobs?id=456300
Senior Frontend Engineer (Vue.js),Mimacom,"Madrid, Spain",https://stackoverflow.com/jobs?id=451866
Frontend Javascript SPA Developer Vue.js (m/f/d),ThinxNet GmbH,"München, Deutschland",https://stackoverflow.com/jobs?id=415209
"Full Stack Engineer - Junior to Senior - Vue.js, Go",Ezoic,"Carlsbad, CA",https://stackoverflow.com/jobs?id=427867
Lead Vue.js / PHP developer,HUBX,No office location,https://stackoverflow.com/jobs?id=397027
Senior VueJS FE Developer,Cycloid,No office location,https://stackoverflow.com/jobs?id=457236
Full stack ASP.NET Core and VueJS Developer,Facility Wizard Software Incorporated d/b/a Wizard Software Solutions,"Chicago, IL",https://stackoverflow.com/jobs?id=456315
"Senior Fullstack Developer (Node, Typescript, Vue - UK only)",Primary Bid Ltd,No office location,https://stackoverflow.com/jobs?id=456234
Frontend Developer (Vue.js) (m/w/d),Peek & Cloppenburg KG Düsseldorf,"Düsseldorf, Deutschland",https://stackoverflow.com/jobs?id=447396
Principal Front-End Engineer - Team Lead (Vue.js),Corsearch,"Amsterdam, Netherlands",https://stackoverflow.com/jobs?id=412440
Senior VueJS FE Developer,Cycloid,No office location,https://stackoverflow.com/jobs?id=457235
Mid Senior VueJS Frontend dev (remote friendly),Cycloid,"Paris, France",https://stackoverflow.com/jobs?id=457234
Frontend Developer - Vue.js (m/f/x),refurbed,No office location,https://stackoverflow.com/jobs?id=424273
Javascript Developer (Vue.js / Node.js),Lucky Orange LLC,"Overland Park, KS",https://stackoverflow.com/jobs?id=374387
Laravel and Vue.js Developer,MailerLite,"Vilnius, Lithuania",https://stackoverflow.com/jobs?id=447895
Frontend/VueJs Software Engineer,BRG - The GAT Team,No office location,https://stackoverflow.com/jobs?id=441378
Senior Full-Stack Engineer (Vue/Node),Wisely,No office location,https://stackoverflow.com/jobs?id=405895
Full Stack Software Engineer (Vue.js & Django) (m/f/d),Limehome GmbH,"München, Germany",https://stackoverflow.com/jobs?id=238532
Senior software engineer Vue.js,Harlem Next,"Haarlem, Netherlands",https://stackoverflow.com/jobs?id=427253
Webdeveloper for Backend (NodeJS) and Frontend (Vue) (m/f),RINGANA GmbH,"Wien, Österreich",https://stackoverflow.com/jobs?id=421723
Vue Developer,The Motley Fool Inc,No office location,https://stackoverflow.com/jobs?id=457945
Senior Software Engineer (Vue.js) (m/f/d),MEDWING GmbH,"Berlin, Germany",https://stackoverflow.com/jobs?id=456540
Senior Frontend Engineer (Vue.js),Financial Technology Partners,"San Francisco, CA",https://stackoverflow.com/jobs?id=446919
Vue.js Developer,BairesDev LLC,"San Francisco, CA",https://stackoverflow.com/jobs?id=448323
"Senior Software Engineer - Go, Vue.js, Machine Learning",Ezoic,"Carlsbad, CA",https://stackoverflow.com/jobs?id=427866
Senior Front-end Developer (Vue.js) - Remote,Insider,No office location,https://stackoverflow.com/jobs?id=456300
Senior Frontend Engineer (Vue.js),Mimacom,"Madrid, Spain",https://stackoverflow.com/jobs?id=451866
Frontend Javascript SPA Developer Vue.js (m/f/d),ThinxNet GmbH,"München, Deutschland",https://stackoverflow.com/jobs?id=415209
"Full Stack Engineer - Junior to Senior - Vue.js, Go",Ezoic,"Carlsbad, CA",https://stackoverflow.com/jobs?id=427867
Lead Vue.js / PHP developer,HUBX,No office location,https://stackoverflow.com/jobs?id=397027
Senior VueJS FE Developer,Cycloid,No office location,https://stackoverflow.com/jobs?id=457236
Full stack ASP.NET Core and VueJS Developer,Facility Wizard Software Incorporated d/b/a Wizard Software Solutions,"Chicago, IL",https://stackoverflow.com/jobs?id=456315
"Senior Fullstack Developer (Node, Typescript, Vue - UK only)",Primary Bid Ltd,No office location,https://stackoverflow.com/jobs?id=456234
Frontend Developer (Vue.js) (m/w/d),Peek & Cloppenburg KG Düsseldorf,"Düsseldorf, Deutschland",https://stackoverflow.com/jobs?id=447396
Principal Front-End Engineer - Team Lead (Vue.js),Corsearch,"Amsterdam, Netherlands",https://stackoverflow.com/jobs?id=412440
Senior VueJS FE Developer,Cycloid,No office location,https://stackoverflow.com/jobs?id=457235
Mid Senior VueJS Frontend dev (remote friendly),Cycloid,"Paris, France",https://stackoverflow.com/jobs?id=457234
Frontend Developer - Vue.js (m/f/x),refurbed,No office location,https://stackoverflow.com/jobs?id=424273
Javascript Developer (Vue.js / Node.js),Lucky Orange LLC,"Overland Park, KS",https://stackoverflow.com/jobs?id=374387
Laravel and Vue.js Developer,MailerLite,"Vilnius, Lithuania",https://stackoverflow.com/jobs?id=447895
Frontend/VueJs Software Engineer,BRG - The GAT Team,No office location,https://stackoverflow.com/jobs?id=441378
Senior Full-Stack Engineer (Vue/Node),Wisely,No office location,https://stackoverflow.com/jobs?id=405895
Full Stack Software Engineer (Vue.js & Django) (m/f/d),Limehome GmbH,"München, Germany",https://stackoverflow.com/jobs?id=238532
Senior software engineer Vue.js,Harlem Next,"Haarlem, Netherlands",https://stackoverflow.com/jobs?id=427253
Webdeveloper for Backend (NodeJS) and Frontend (Vue) (m/f),RINGANA GmbH,"Wien, Österreich",https://stackoverflow.com/jobs?id=421723
Vue Developer,The Motley Fool Inc,No office location,https://stackoverflow.com/jobs?id=457945
Senior Software Engineer (Vue.js) (m/f/d),MEDWING GmbH,"Berlin, Germany",https://stackoverflow.com/jobs?id=456540
Senior Frontend Engineer (Vue.js),Financial Technology Partners,"San Francisco, CA",https://stackoverflow.com/jobs?id=446919
Vue.js Developer,BairesDev LLC,"San Francisco, CA",https://stackoverflow.com/jobs?id=448323
"Senior Software Engineer - Go, Vue.js, Machine Learning",Ezoic,"Carlsbad, CA",https://stackoverflow.com/jobs?id=427866
Senior Front-end Developer (Vue.js) - Remote,Insider,No office location,https://stackoverflow.com/jobs?id=456300
Senior Frontend Engineer (Vue.js),Mimacom,"Madrid, Spain",https://stackoverflow.com/jobs?id=451866
Frontend Javascript SPA Developer Vue.js (m/f/d),ThinxNet GmbH,"München, Deutschland",https://stackoverflow.com/jobs?id=415209
"Full Stack Engineer - Junior to Senior - Vue.js, Go",Ezoic,"Carlsbad, CA",https://stackoverflow.com/jobs?id=427867
Lead Vue.js / PHP developer,HUBX,No office location,https://stackoverflow.com/jobs?id=397027
Senior VueJS FE Developer,Cycloid,No office location,https://stackoverflow.com/jobs?id=457236
Full stack ASP.NET Core and VueJS Developer,Facility Wizard Software Incorporated d/b/a Wizard Software Solutions,"Chicago, IL",https://stackoverflow.com/jobs?id=456315
"Senior Fullstack Developer (Node, Typescript, Vue - UK only)",Primary Bid Ltd,No office location,https://stackoverflow.com/jobs?id=456234
Frontend Developer (Vue.js) (m/w/d),Peek & Cloppenburg KG Düsseldorf,"Düsseldorf, Deutschland",https://stackoverflow.com/jobs?id=447396
Principal Front-End Engineer - Team Lead (Vue.js),Corsearch,"Amsterdam, Netherlands",https://stackoverflow.com/jobs?id=412440
Senior VueJS FE Developer,Cycloid,No office location,https://stackoverflow.com/jobs?id=457235
Mid Senior VueJS Frontend dev (remote friendly),Cycloid,"Paris, France",https://stackoverflow.com/jobs?id=457234
Frontend Developer - Vue.js (m/f/x),refurbed,No office location,https://stackoverflow.com/jobs?id=424273
